"dataset","arm","x_min","x_max","n_negative","w_nec4param","w_zero_asymptote","top_model","top_weight","w_failing_rhat","w_failing_ess","estimate","value","lower","upper"
"c_proliferum","beta",0.01,20,12,0.00961059202389828,0.0526715673781541,"ecxwb1",0.590419010701884,0.00961059202389828,0.00961059202389828,"ErC10",3.62928774095012,2.44795142565811,4.88359981934704
"c_proliferum","beta",0.01,20,12,0.00961059202389828,0.0526715673781541,"ecxwb1",0.590419010701884,0.00961059202389828,0.00961059202389828,"ErC50",6.86278402457243,5.82033339369594,7.54281384658966
"c_proliferum","beta",0.01,20,12,0.00961059202389828,0.0526715673781541,"ecxwb1",0.590419010701884,0.00961059202389828,0.00961059202389828,"NSEC",2.3001484417544,0.77547304354764,4.03424010294685
"c_proliferum","censored",0.01,20,12,0.319377527635663,0.0045786773417734,"neclin",0.461338393526135,0,0,"ErC10",3.44632068369132,1.41371461273717,4.28275970393242
"c_proliferum","censored",0.01,20,12,0.319377527635663,0.0045786773417734,"neclin",0.461338393526135,0,0,"ErC50",6.81814684413924,6.23312611146724,7.45242414200119
"c_proliferum","censored",0.01,20,12,0.319377527635663,0.0045786773417734,"neclin",0.461338393526135,0,0,"NSEC",2.84171350931731,0.560129542024044,3.85040733773095
"c_proliferum","deleted",0.01,20,12,0.119695619601914,0.504690226866446,"nec3param",0.327046879212028,0,0.000263655641759806,"ErC10",3.39674339784364,2.51833417209318,4.24371159531084
"c_proliferum","deleted",0.01,20,12,0.119695619601914,0.504690226866446,"nec3param",0.327046879212028,0,0.000263655641759806,"ErC50",6.94443434830291,6.21795577000043,7.65721290374557
"c_proliferum","deleted",0.01,20,12,0.119695619601914,0.504690226866446,"nec3param",0.327046879212028,0,0.000263655641759806,"NSEC",2.7795957730905,1.17641210665923,3.87111115781303
"c_proliferum","floored",0.01,20,12,0.129712081223439,0.606126128795485,"ecxsigm",0.279386869008726,0,0,"ErC10",3.53012087664116,2.54057569860614,4.36924417223969
"c_proliferum","floored",0.01,20,12,0.129712081223439,0.606126128795485,"ecxsigm",0.279386869008726,0,0,"ErC50",6.79528115205473,6.08072052224895,7.42756634898468
"c_proliferum","floored",0.01,20,12,0.129712081223439,0.606126128795485,"ecxsigm",0.279386869008726,0,0,"NSEC",2.3276336982371,0.835654154532453,4.05111150955506
"c_proliferum","gamma",0.01,20,12,0.00243530266459745,0.191146126847807,"ecxwb1",0.514514205005107,0,0,"ErC10",3.42930976877781,1.03172848802405,7.85116458172367
"c_proliferum","gamma",0.01,20,12,0.00243530266459745,0.191146126847807,"ecxwb1",0.514514205005107,0,0,"ErC50",7.22943102832612,5.26343901136328,8.91694449737111
"c_proliferum","gamma",0.01,20,12,0.00243530266459745,0.191146126847807,"ecxwb1",0.514514205005107,0,0,"NSEC",3.90016865622508,1.22657721417266,7.76348023945113
"c_proliferum","measured",0.01,20,12,0.0640855419316249,1.07418383504805e-18,"ecxwb1",0.490678687657066,0,0.15091565713792,"ErC10",7.92869092297289,5.24531500259966,9.9009528198436
"c_proliferum","measured",0.01,20,12,0.0640855419316249,1.07418383504805e-18,"ecxwb1",0.490678687657066,0,0.15091565713792,"ErC50",9.41334872796062,8.25511646097358,9.97530375266001
"c_proliferum","measured",0.01,20,12,0.0640855419316249,1.07418383504805e-18,"ecxwb1",0.490678687657066,0,0.15091565713792,"NSEC",7.79259253453858,4.783859262383,9.90378639785157
"c_proliferum2","beta",1,1000,10,0.0066208952559197,0.00908771527472016,"ecx4param",0.269332893210069,0,0,"ErC10",207.159589626238,173.958421920827,238.747097310615
"c_proliferum2","beta",1,1000,10,0.0066208952559197,0.00908771527472016,"ecx4param",0.269332893210069,0,0,"ErC50",353.768545731173,328.203541161254,375.942225313965
"c_proliferum2","beta",1,1000,10,0.0066208952559197,0.00908771527472016,"ecx4param",0.269332893210069,0,0,"NSEC",123.162187546032,54.080948519549,191.447873112867
"c_proliferum2","censored",1,1000,10,0.148134064221548,0.000535371634241694,"neclin",0.502653522076315,0,0,"ErC10",205.806394901898,156.462608790771,225.170163598054
"c_proliferum2","censored",1,1000,10,0.148134064221548,0.000535371634241694,"neclin",0.502653522076315,0,0,"ErC50",356.747970889317,343.316957242799,370.329165406846
"c_proliferum2","censored",1,1000,10,0.148134064221548,0.000535371634241694,"neclin",0.502653522076315,0,0,"NSEC",176.206910136843,48.4895627597466,199.216519956411
"c_proliferum2","deleted",1,1000,10,0.0855117765800213,0.40578717525604,"neclin",0.334537025556475,0,0,"ErC10",202.204516186079,163.44627852342,224.6986888819
"c_proliferum2","deleted",1,1000,10,0.0855117765800213,0.40578717525604,"neclin",0.334537025556475,0,0,"ErC50",355.458776264345,340.333900388592,369.276678697314
"c_proliferum2","deleted",1,1000,10,0.0855117765800213,0.40578717525604,"neclin",0.334537025556475,0,0,"NSEC",158.778105817439,57.4179592947882,200.26427807436
"c_proliferum2","floored",1,1000,10,0.000495674847376301,0.740163693860437,"ecxsigm",0.486788461416624,0,0,"ErC10",187.852010836216,159.897840383608,215.089504961351
"c_proliferum2","floored",1,1000,10,0.000495674847376301,0.740163693860437,"ecxsigm",0.486788461416624,0,0,"ErC50",356.563062682919,343.760986171187,369.150112608001
"c_proliferum2","floored",1,1000,10,0.000495674847376301,0.740163693860437,"ecxsigm",0.486788461416624,0,0,"NSEC",101.407889412793,38.6609295908021,156.415266626186
"c_proliferum2","gamma",1,1000,10,5.41153736574699e-20,3.03139834120738e-35,"ecxwb1",0.999999999877645,0,0,"ErC10",181.550116362863,164.328073794332,203.028963385434
"c_proliferum2","gamma",1,1000,10,5.41153736574699e-20,3.03139834120738e-35,"ecxwb1",0.999999999877645,0,0,"ErC50",362.864412686089,355.241920011601,370.4478827991
"c_proliferum2","gamma",1,1000,10,5.41153736574699e-20,3.03139834120738e-35,"ecxwb1",0.999999999877645,0,0,"NSEC",84.8421082383125,27.6135569151873,120.256153905533
"c_proliferum2","measured",1,1000,10,1.52787044035781e-07,1.14976204422063e-50,"ecxwb2",0.862327184399318,6.23008344401013e-52,5.67287263840499e-51,"ErC10",154.407136520304,121.798092314979,246.159599246344
"c_proliferum2","measured",1,1000,10,1.52787044035781e-07,1.14976204422063e-50,"ecxwb2",0.862327184399318,6.23008344401013e-52,5.67287263840499e-51,"ErC50",368.358569849565,354.355200839368,380.996795310809
"c_proliferum2","measured",1,1000,10,1.52787044035781e-07,1.14976204422063e-50,"ecxwb2",0.862327184399318,6.23008344401013e-52,5.67287263840499e-51,"NSEC",63.9231262405652,21.5235103592552,225.287107697785
"r_salina","beta",0.01,20,20,0.0331489416448873,1.25164198160679e-11,"ecxwb1",0.839569320747124,0,0,"ErC10",3.35570016893069,2.88691543610561,4.80165490178268
"r_salina","beta",0.01,20,20,0.0331489416448873,1.25164198160679e-11,"ecxwb1",0.839569320747124,0,0,"ErC50",5.1623785155557,5.00167922199886,5.38078951128796
"r_salina","beta",0.01,20,20,0.0331489416448873,1.25164198160679e-11,"ecxwb1",0.839569320747124,0,0,"NSEC",1.30221510221712,0.533725761462037,4.72407039507351
"r_salina","censored",0.01,20,20,0.0263092626264047,2.98784319594689e-97,"ecxwb1",0.379062187248049,8.12824891941974e-98,1.37881138782984e-97,"ErC10",3.5933768600098,3.2351417600377,4.86264943239031
"r_salina","censored",0.01,20,20,0.0263092626264047,2.98784319594689e-97,"ecxwb1",0.379062187248049,8.12824891941974e-98,1.37881138782984e-97,"ErC50",5.12580151761434,5.01920381914477,5.20219925486206
"r_salina","censored",0.01,20,20,0.0263092626264047,2.98784319594689e-97,"ecxwb1",0.379062187248049,8.12824891941974e-98,1.37881138782984e-97,"NSEC",1.58788774978171,0.747291748117475,4.77662497650264
"r_salina","deleted",0.01,20,20,0.0308053122423263,0.432728812868793,"ecxsigm",0.177616484590419,0,0.575730843076063,"ErC10",2.90080698889875,2.53943565897343,3.97801869770522
"r_salina","deleted",0.01,20,20,0.0308053122423263,0.432728812868793,"ecxsigm",0.177616484590419,0,0.575730843076063,"ErC50",4.99320843365403,4.9802196852576,4.99749268311628
"r_salina","deleted",0.01,20,20,0.0308053122423263,0.432728812868793,"ecxsigm",0.177616484590419,0,0.575730843076063,"NSEC",2.21076713044325,1.28704845657841,3.69756230452162
"r_salina","floored",0.01,20,20,0.0103315841032673,0.643751810494728,"ecxwb1p3",0.497255775841193,0,0.0103315841032673,"ErC10",3.45169603799254,3.09834885156512,4.80889784017192
"r_salina","floored",0.01,20,20,0.0103315841032673,0.643751810494728,"ecxwb1p3",0.497255775841193,0,0.0103315841032673,"ErC50",5.16860634049338,5.04067037883034,5.25311576922268
"r_salina","floored",0.01,20,20,0.0103315841032673,0.643751810494728,"ecxwb1p3",0.497255775841193,0,0.0103315841032673,"NSEC",1.31480772791795,0.532193942844836,4.72775055325624
"r_salina","gamma",0.01,20,20,0.0360337390852764,3.23336584503902e-93,"ecxwb1",0.869415043206017,0,0.0648320056881904,"ErC10",3.52136266435972,3.22950143367152,4.88570463423922
"r_salina","gamma",0.01,20,20,0.0360337390852764,3.23336584503902e-93,"ecxwb1",0.869415043206017,0,0.0648320056881904,"ErC50",5.15936319236363,5.01933999843078,5.22223034334274
"r_salina","gamma",0.01,20,20,0.0360337390852764,3.23336584503902e-93,"ecxwb1",0.869415043206017,0,0.0648320056881904,"NSEC",1.62871386826305,0.756713616929195,4.8292823264543
"r_salina","measured",0.01,20,20,0.240452004332788,4.25890561636714e-60,"ecxwb1",0.424577575427972,1.26735207866226e-60,0.524449350077143,"ErC10",4.25541809849687,3.58807901579898,4.9098890766319
"r_salina","measured",0.01,20,20,0.240452004332788,4.25890561636714e-60,"ecxwb1",0.424577575427972,1.26735207866226e-60,0.524449350077143,"ErC50",5.06664523487914,5.01074482800951,5.17237619121403
"r_salina","measured",0.01,20,20,0.240452004332788,4.25890561636714e-60,"ecxwb1",0.424577575427972,1.26735207866226e-60,0.524449350077143,"NSEC",3.25143191975532,1.28307192300689,4.835137872209
"r_salina2","beta",0.1,1000,21,0.286716292287427,8.7151707277627e-14,"ecxwb2",0.430167970173256,0,0,"ErC10",76.4282028959307,62.2218483383548,91.8963281855861
"r_salina2","beta",0.1,1000,21,0.286716292287427,8.7151707277627e-14,"ecxwb2",0.430167970173256,0,0,"ErC50",109.117373393098,102.614942487795,117.518506422808
"r_salina2","beta",0.1,1000,21,0.286716292287427,8.7151707277627e-14,"ecxwb2",0.430167970173256,0,0,"NSEC",62.5990189716421,32.2217578602968,87.9102987104246
"r_salina2","censored",0.1,1000,21,0.894422186303312,1.65795778603893e-33,"nec4param",0.894422186303312,7.93339016193808e-34,0.000744227904235723,"ErC10",63.3976201588857,48.9520701033664,73.3471283305984
"r_salina2","censored",0.1,1000,21,0.894422186303312,1.65795778603893e-33,"nec4param",0.894422186303312,7.93339016193808e-34,0.000744227904235723,"ErC50",116.095657373457,108.423451325634,123.365639831678
"r_salina2","censored",0.1,1000,21,0.894422186303312,1.65795778603893e-33,"nec4param",0.894422186303312,7.93339016193808e-34,0.000744227904235723,"NSEC",56.2972759457764,41.648414723917,66.1243454379416
"r_salina2","deleted",0.1,1000,21,0.0880421017164817,0.59831647896036,"ecxwb2p3",0.196722812282384,0,0.0276579233215933,"ErC10",75.0956989432874,56.9036853548784,91.7599020950828
"r_salina2","deleted",0.1,1000,21,0.0880421017164817,0.59831647896036,"ecxwb2p3",0.196722812282384,0,0.0276579233215933,"ErC50",109.058881236706,102.999923536174,116.006002920959
"r_salina2","deleted",0.1,1000,21,0.0880421017164817,0.59831647896036,"ecxwb2p3",0.196722812282384,0,0.0276579233215933,"NSEC",61.9211694517327,32.4320668832543,89.4543392214458
"r_salina2","floored",0.1,1000,21,0.124265348700856,0.437415987366768,"ecxwb2p3",0.186254599840826,0,0.00993765875124878,"ErC10",73.3012085206376,57.2026225133039,89.2590024023631
"r_salina2","floored",0.1,1000,21,0.124265348700856,0.437415987366768,"ecxwb2p3",0.186254599840826,0,0.00993765875124878,"ErC50",109.808477364461,105.108211562186,116.077333589844
"r_salina2","floored",0.1,1000,21,0.124265348700856,0.437415987366768,"ecxwb2p3",0.186254599840826,0,0.00993765875124878,"NSEC",57.7842660748865,24.528058416868,86.3023162070533
"r_salina2","gamma",0.1,1000,21,0.225999300588273,5.71442409949081e-05,"ecxwb1",0.319733488652012,0,0,"ErC10",58.7202872071599,19.3317999364082,96.1618639766746
"r_salina2","gamma",0.1,1000,21,0.225999300588273,5.71442409949081e-05,"ecxwb1",0.319733488652012,0,0,"ErC50",107.937088548831,87.3501118338319,120.016405043703
"r_salina2","gamma",0.1,1000,21,0.225999300588273,5.71442409949081e-05,"ecxwb1",0.319733488652012,0,0,"NSEC",62.6606212054451,15.0493431991858,96.1389986453279
"r_salina2","measured",0.1,1000,21,0.894472761792896,7.42346718904716e-22,"nec4param",0.894472761792896,2.01967275943449e-22,2.01967275943449e-22,"ErC10",27.8621505089189,21.6498459284784,52.0800008921445
"r_salina2","measured",0.1,1000,21,0.894472761792896,7.42346718904716e-22,"nec4param",0.894472761792896,2.01967275943449e-22,2.01967275943449e-22,"ErC50",123.767543247626,110.917451425807,141.185622056927
"r_salina2","measured",0.1,1000,21,0.894472761792896,7.42346718904716e-22,"nec4param",0.894472761792896,2.01967275943449e-22,2.01967275943449e-22,"NSEC",25.1448086864695,10.0263341203487,44.1068764410881
