"cell","arm","estimate","truth","n_run","n_used","rel_bias","rmse","coverage","width","cv_control"
"p1","beta_ll","ErC10",2.01968716248917,100,100,-0.524179393291345,0.271939885137137,1,1.33441635027418,0.096
"p1","beta_pw","ErC10",2.01968716248917,100,100,57.2832108174923,2.67047453695987,0.84,2.17061847082749,0.096
"p1","floored_ll","ErC10",2.01968716248917,100,100,-2.83937746238066,0.299851890094718,1,1.40662160880461,0.096
"p1","gamma_ll","ErC10",2.01968716248917,100,100,-7.38563498860519,0.389045382080223,0.92,1.29129619222662,0.096
"p1","gamma_pw","ErC10",2.01968716248917,100,100,-5.96593920277999,0.348211282783255,0.97,1.32772783838637,0.096
"p2","beta_ll","ErC10",2.01968716248917,100,100,1.20441945599894,0.188310300195456,0.99,0.950629926160539,0.0669719164461943
"p2","beta_pw","ErC10",2.01968716248917,100,100,2.17888062138723,0.1813183297135,0.97,1.01984588619803,0.0669719164461943
"p2","floored_ll","ErC10",2.01968716248917,100,100,-4.19045080514833,0.230062333685904,0.98,1.06842560302629,0.0669719164461943
"p2","gamma_ll","ErC10",2.01968716248917,100,100,-12.5274381868066,0.371264100180528,0.88,0.987416194259514,0.0669719164461943
"p2","gamma_pw","ErC10",2.01968716248917,100,100,-9.23522671969539,0.295486900843734,0.95,1.02905696353622,0.0669719164461943
"p3","beta_ll","ErC10",2.01968716248917,100,100,6.17769017250658,0.156614949919797,0.85,0.47510180758285,0.0282221160540261
"p3","beta_pw","ErC10",2.01968716248917,100,100,8.96653159634518,0.200360953911919,0.75,0.519840267183642,0.0282221160540261
"p3","floored_ll","ErC10",2.01968716248917,100,100,-6.00426560507908,0.228724333601548,0.96,0.726920242853497,0.0282221160540261
"p3","gamma_ll","ErC10",2.01968716248917,100,100,-16.9941408007764,0.409108583916058,0.84,0.681929845912258,0.0282221160540261
"p3","gamma_pw","ErC10",2.01968716248917,100,100,-15.6871221177406,0.387583790215203,0.81,0.706846372321173,0.0282221160540261
"p4","beta_ll","ErC10",2.01968716248917,100,100,10.1914813275179,0.217658909227911,0.42,0.408757378566605,0.0186365299331132
"p4","beta_pw","ErC10",2.01968716248917,100,100,12.8517997082271,0.265790081212341,0.14,0.474305604537306,0.0186365299331132
"p4","floored_ll","ErC10",2.01968716248917,100,100,-6.90861326703075,0.238202953433695,1,0.686686196940647,0.0186365299331132
"p4","gamma_ll","ErC10",2.01968716248917,100,100,-18.9925282373433,0.4373011674811,0.82,0.657373215083548,0.0186365299331132
"p4","gamma_pw","ErC10",2.01968716248917,100,100,-18.781253064547,0.423402308930656,0.75,0.63659498850212,0.0186365299331132
"p1","beta_ll","ErC50",5.0532895646328,100,100,-1.93204854964642,0.289196766734738,1,1.22329445687267,0.096
"p1","beta_pw","ErC50",5.0532895646328,100,100,15.5528338609876,1.73966582395766,0.8,1.76317013209758,0.096
"p1","floored_ll","ErC50",5.0532895646328,100,100,-2.31429699723184,0.279994260760945,0.82,0.784754176556239,0.096
"p1","gamma_ll","ErC50",5.0532895646328,100,100,-0.439481798919638,0.220202818389349,0.97,1.02152638205298,0.096
"p1","gamma_pw","ErC50",5.0532895646328,100,100,-2.83304599521026,0.296173320449562,0.85,0.951290884016083,0.096
"p2","beta_ll","ErC50",5.0532895646328,100,100,-0.344491100188716,0.249862780693743,0.97,1.00882992586545,0.0669719164461943
"p2","beta_pw","ErC50",5.0532895646328,100,100,5.30113396806709,0.446410979800531,0.92,1.14067256424177,0.0669719164461943
"p2","floored_ll","ErC50",5.0532895646328,100,100,-2.07150613124706,0.190923660921937,0.87,0.604270421409471,0.0669719164461943
"p2","gamma_ll","ErC50",5.0532895646328,100,100,-0.429447510837783,0.188646372401563,0.95,0.798478005481772,0.0669719164461943
"p2","gamma_pw","ErC50",5.0532895646328,100,100,-2.20018129855215,0.214870802017602,0.86,0.726492257804366,0.0669719164461943
"p3","beta_ll","ErC50",5.05328956463279,100,100,0.560166341355149,0.118527613431279,0.99,0.739989491040874,0.0282221160540261
"p3","beta_pw","ErC50",5.05328956463279,100,100,9.90184103708214,0.563995299629486,0.9,0.987875858382133,0.0282221160540261
"p3","floored_ll","ErC50",5.05328956463279,100,100,-1.89934715046873,0.128781681403302,0.77,0.331285269356269,0.0282221160540261
"p3","gamma_ll","ErC50",5.05328956463279,100,100,-0.149642602704904,0.108042273476841,0.95,0.540351926628226,0.0282221160540261
"p3","gamma_pw","ErC50",5.05328956463279,100,100,-1.28037122377105,0.115773768463091,0.91,0.399407143376741,0.0282221160540261
"p4","beta_ll","ErC50",5.0532895646328,100,100,0.724799787858952,0.136643769458424,0.99,0.800915277635922,0.0186365299331132
"p4","beta_pw","ErC50",5.0532895646328,100,100,10.3007463148015,0.602547601267842,0.91,1.0824528164084,0.0186365299331132
"p4","floored_ll","ErC50",5.0532895646328,100,100,-2.12414346949315,0.120950580202479,0.66,0.274532342656151,0.0186365299331132
"p4","gamma_ll","ErC50",5.0532895646328,100,100,-0.683566543895241,0.105938662287667,0.9,0.527823408700137,0.0186365299331132
"p4","gamma_pw","ErC50",5.0532895646328,100,100,-1.06379558751843,0.0886482730500838,0.89,0.345052233554894,0.0186365299331132
"p1","beta_ll","NSEC",1.3,100,100,3.56820935257551,0.311119761846513,1,1.79557223663171,0.096
"p1","beta_pw","NSEC",1.3,100,100,108.335159442224,2.83380714761338,0.99,3.46467768145199,0.096
"p1","floored_ll","NSEC",1.3,100,100,-5.72226886810642,0.319959829530447,1,1.81334235639637,0.096
"p1","gamma_ll","NSEC",1.3,100,100,-23.5821484462192,0.439305962286833,0.9,1.64133685626802,0.096
"p1","gamma_pw","NSEC",1.3,100,100,-13.2188697368008,0.350941135112246,0.97,1.69456918501227,0.096
"p2","beta_ll","NSEC",1.3,100,100,-14.8830269582458,0.310106944586636,0.94,1.45520141264146,0.0669719164461943
"p2","beta_pw","NSEC",1.3,100,100,-1.33251561918491,0.230579660186783,0.99,1.45175438804122,0.0669719164461943
"p2","floored_ll","NSEC",1.3,100,100,-25.6343505577655,0.407495690104867,0.93,1.485332979131,0.0669719164461943
"p2","gamma_ll","NSEC",1.3,100,100,-45.2382642143807,0.637926423513663,0.64,1.24335837675529,0.0669719164461943
"p2","gamma_pw","NSEC",1.3,100,100,-35.8332614214218,0.500950642263687,0.8,1.41352705336109,0.0669719164461943
"p3","beta_ll","NSEC",1.3,100,100,-47.7643346508299,0.630307838893185,0.29,0.984005559492385,0.0282221160540261
"p3","beta_pw","NSEC",1.3,100,100,-33.7887009251321,0.462271473527757,0.72,1.11486100978223,0.0282221160540261
"p3","floored_ll","NSEC",1.3,100,100,-56.0694071639273,0.752335484976684,0.17,0.924860349565159,0.0282221160540261
"p3","gamma_ll","NSEC",1.3,100,100,-70.9865862843062,0.938356224679614,0.1,0.796579507069601,0.0282221160540261
"p3","gamma_pw","NSEC",1.3,100,100,-66.0398365220064,0.874991097601719,0.13,0.865949738087297,0.0282221160540261
"p4","beta_ll","NSEC",1.3,100,100,-52.2684471708016,0.690775676322903,0.12,0.916122864572196,0.0186365299331132
"p4","beta_pw","NSEC",1.3,100,100,-34.4715564089925,0.474134317460695,0.72,1.1307793264528,0.0186365299331132
"p4","floored_ll","NSEC",1.3,100,100,-63.6785670538862,0.84131156100307,0.25,0.863953810657859,0.0186365299331132
"p4","gamma_ll","NSEC",1.3,100,100,-74.7835068698628,0.99451584459673,0.1,0.762267796005051,0.0186365299331132
"p4","gamma_pw","NSEC",1.3,100,100,-73.4524572521357,0.96502270345683,0.14,0.759970731752524,0.0186365299331132
