"cell","arm","estimate","truth","n_run","n_used","bias","bias_mcse","rel_bias","rmse","coverage","coverage_mcse","width","delta","top_factor","R","cv_control","disp"
"ctl","beta","ErC10",2.01968716248917,100,100,-0.188024811836901,0.024574914412507,-9.30960078021042,0.308451041959862,0.99,0.0099498743710662,1.40519000451324,4,1,2.3,0.096,"none"
"ctl","censored","ErC10",2.01968716248917,100,100,-0.0296057154242739,0.0245678297312863,-1.46585649372482,0.246233112920714,0.98,0.014,1.26352287234244,4,1,2.3,0.096,"none"
"ctl","deleted","ErC10",2.01968716248917,100,100,-0.0566429984146297,0.0250430837288133,-2.80454317216236,0.255532537050738,0.96,0.0195959179422654,1.26399448197134,4,1,2.3,0.096,"none"
"ctl","floored","ErC10",2.01968716248917,100,100,-0.0391087055750512,0.0245673409213791,-1.93637441983102,0.247550723300369,0.98,0.014,1.2584922106201,4,1,2.3,0.096,"none"
"ctl","gamma","ErC10",2.01968716248917,100,100,0.226458803978349,0.0805952547388564,11.2125683711951,0.833275166709652,0.99,0.0099498743710662,3.12090463998069,4,1,2.3,0.096,"none"
"ctl","measured","ErC10",2.01968716248917,100,100,-0.0287578830939585,0.0244792460376723,-1.42387809498753,0.245257275143394,0.99,0.0099498743710662,1.26148492526111,4,1,2.3,0.096,"none"
"d2","beta","ErC10",2.50768524465496,100,100,-0.0182243720643114,0.0301911663584496,-0.726740810201598,0.3009506169115,1,0,2.15481940448835,2,2,2.3,0.096,"none"
"d2","censored","ErC10",2.50768524465496,100,100,-0.30429796941536,0.054938468491545,-12.1346157801885,0.625621731471792,0.99,0.0099498743710662,1.91652689334325,2,2,2.3,0.096,"none"
"d2","deleted","ErC10",2.50768524465496,100,100,-0.220631379943284,0.0492321451810106,-8.79820864335156,0.537247441696062,0.98,0.014,1.874933724633,2,2,2.3,0.096,"none"
"d2","floored","ErC10",2.50768524465496,100,100,-0.238632426562003,0.0457119180005281,-9.51604381254146,0.513628075837257,0.97,0.017058722109232,1.87325784655535,2,2,2.3,0.096,"none"
"d2","gamma","ErC10",2.50768524465496,100,100,-0.0915223037439943,0.134264016187795,-3.6496726987197,1.33904148939732,0.88,0.0324961536185438,5.02890528144569,2,2,2.3,0.096,"none"
"d2","measured","ErC10",2.50768524465496,100,100,-0.395286032181448,0.0532220511502484,-15.762984330828,0.660815506304958,0.98,0.014,1.83457829055485,2,2,2.3,0.096,"none"
"d8","beta","ErC10",1.69802987177516,100,100,-0.0686044045296348,0.0235168118489676,-4.04023543224916,0.243839225382833,0.99,0.0099498743710662,1.1870672732323,8,2,2.3,0.096,"none"
"d8","censored","ErC10",1.69802987177516,100,100,-0.00675124101181446,0.0131636227791958,-0.397592593866241,0.131150275477496,0.99,0.0099498743710662,0.807236484614288,8,2,2.3,0.096,"none"
"d8","deleted","ErC10",1.69802987177516,100,100,-0.0102957443350722,0.0139877421951688,-0.606334700361237,0.139556578460298,0.99,0.0099498743710662,0.780795109833387,8,2,2.3,0.096,"none"
"d8","floored","ErC10",1.69802987177516,100,100,0.0162326471946559,0.0165769941523751,0.955969471708171,0.165735860973436,0.97,0.017058722109232,0.806201143102345,8,2,2.3,0.096,"none"
"d8","gamma","ErC10",1.69802987177516,100,100,-0.36291376489845,0.0322950710246677,-21.3726372504302,0.484727336127345,0.86,0.0346987031457949,2.24366920560118,8,2,2.3,0.096,"none"
"d8","measured","ErC10",1.69802987177516,100,100,-0.0131637662955117,0.0140046560531032,-0.775237615917208,0.139964972291246,0.99,0.0099498743710662,0.80281682859956,8,2,2.3,0.096,"none"
"p1","beta","ErC10",2.01968716248917,100,100,-0.0974236884604383,0.0285210512930812,-4.82370192126033,0.30003826654717,0.95,0.0217944947177034,1.55610842205441,4,2,2.3,0.096,"none"
"p1","censored","ErC10",2.01968716248917,100,100,-0.0552297616862443,0.0332734121538222,-2.73457012115561,0.335641478746852,1,0,1.44323797368613,4,2,2.3,0.096,"none"
"p1","deleted","ErC10",2.01968716248917,100,100,-0.0473983479178088,0.0285616898861614,-2.34681631879031,0.288110822725405,0.98,0.014,1.35892562048077,4,2,2.3,0.096,"none"
"p1","floored","ErC10",2.01968716248917,100,100,-0.0697210520317837,0.0299161776203999,-3.45207185185333,0.305718523734718,0.98,0.014,1.32958126053319,4,2,2.3,0.096,"none"
"p1","gamma","ErC10",2.01968716248917,100,100,-0.391152215612038,0.0550854457879831,-19.3669704336765,0.673354500398288,0.83,0.0375632799419859,3.36289280479358,4,2,2.3,0.096,"none"
"p1","measured","ErC10",2.01968716248917,100,100,-0.0807148681274845,0.0389682865991098,-3.99640447424577,0.396041788986216,0.98,0.014,1.46863538850608,4,2,2.3,0.096,"none"
"p2","beta","ErC10",2.01968716248917,100,100,-0.0135992444309738,0.0195918648930004,-0.673334201630188,0.195410376586469,0.99,0.0099498743710662,1.13048266544445,4,2,3.3,0.0669719164461943,"none"
"p2","censored","ErC10",2.01968716248917,100,100,-0.00931731612994913,0.0147689875694975,-0.461324719144423,0.147244656163932,0.97,0.017058722109232,0.950405105445804,4,2,3.3,0.0669719164461943,"none"
"p2","deleted","ErC10",2.01968716248917,100,100,-0.0209688846065343,0.0143082572955017,-1.03822438425024,0.143901322364444,0.98,0.014,0.882001509443344,4,2,3.3,0.0669719164461943,"none"
"p2","floored","ErC10",2.01968716248917,100,100,-0.054413650102705,0.0181684376486977,-2.69416229965253,0.188785502225056,0.98,0.014,0.970741580505709,4,2,3.3,0.0669719164461943,"none"
"p2","gamma","ErC10",2.01968716248917,100,100,-0.450604704723721,0.033753894967606,-22.3106188469492,0.561994499120841,0.7,0.0458257569495584,2.42955024539471,4,2,3.3,0.0669719164461943,"none"
"p2","measured","ErC10",2.01968716248917,100,100,0.0174278802111241,0.0154341195421627,0.862899984453288,0.154553303318915,0.96,0.0195959179422654,0.999695977947837,4,2,3.3,0.0669719164461943,"none"
"p3","beta","ErC10",2.01968716248917,100,100,0.119188575625599,0.0108187970236034,5.90133847653442,0.160603571238047,0.92,0.0271293199325011,0.539972287657965,4,2,17,0.0282221160540261,"none"
"p3","censored","ErC10",2.01968716248917,100,100,-0.00141519889087993,0.00872074854964495,-0.0700702028098137,0.0867818924617807,0.94,0.0237486841740758,0.366834924429581,4,2,17,0.0282221160540261,"none"
"p3","deleted","ErC10",2.01968716248917,100,100,-0.00777336581151422,0.00868738183853962,-0.384879696018562,0.0867871818512955,0.96,0.0195959179422654,0.374989366280342,4,2,17,0.0282221160540261,"none"
"p3","floored","ErC10",2.01968716248917,100,100,-0.0108396408702505,0.00905158565487833,-0.536699003269949,0.0907121099858686,0.96,0.0195959179422654,0.463426460519518,4,2,17,0.0282221160540261,"none"
"p3","gamma","ErC10",2.01968716248917,100,100,-0.435786878059722,0.0416005649724882,-21.5769494480836,0.601032691861291,0.22,0.041424630354416,0.691245903770624,4,2,17,0.0282221160540261,"none"
"p3","measured","ErC10",2.01968716248917,100,100,0.0173700478617755,0.00796333671421876,0.860036553402052,0.0811158245566103,0.92,0.0271293199325011,0.302759046527934,4,2,17,0.0282221160540261,"none"
"p4","beta","ErC10",2.01968716248917,100,100,0.179430903974131,0.00666143361349406,8.88409389863085,0.191281322616416,0.57,0.0495075751779463,0.396746180388797,4,2,73,0.0186365299331132,"none"
"p4","censored","ErC10",2.01968716248917,100,100,0.00238247627880517,0.0047120764848375,0.117962639118272,0.0469450637268282,0.95,0.0217944947177034,0.207127699961726,4,2,73,0.0186365299331132,"none"
"p4","deleted","ErC10",2.01968716248917,100,100,-0.00361758133572021,0.00483933154081028,-0.179115924629719,0.0482864446935866,0.97,0.017058722109232,0.221249594950051,4,2,73,0.0186365299331132,"none"
"p4","floored","ErC10",2.01968716248917,100,100,-0.00377276130234749,0.0044852974435701,-0.186799291118816,0.0447873324771284,0.96,0.0195959179422654,0.244196891062792,4,2,73,0.0186365299331132,"none"
"p4","gamma","ErC10",2.01968716248917,100,100,-0.490813707797017,0.0293556604512399,-24.301471877066,0.571149560985366,0.02,0.014,0.306873309788053,4,2,73,0.0186365299331132,"none"
"p4","measured","ErC10",2.01968716248917,100,100,0.00607730709592191,0.00396212487260649,0.300903387851014,0.039888326345495,0.95,0.0217944947177034,0.168624519357342,4,2,73,0.0186365299331132,"none"
"ctl","beta","ErC50",5.0532895646328,100,100,-0.161735711707921,0.022575244434228,-3.20060249149158,0.27679047112738,0.99,0.0099498743710662,1.5411374385953,4,1,2.3,0.096,"none"
"ctl","censored","ErC50",5.0532895646328,100,100,-0.0645633900189999,0.0197982376783182,-1.27765071035844,0.207300464621516,0.98,0.014,0.955871217607658,4,1,2.3,0.096,"none"
"ctl","deleted","ErC50",5.0532895646328,100,100,-0.00873358586486628,0.0242336047704154,-0.172829713262254,0.241279439527616,0.97,0.017058722109232,1.06846271728925,4,1,2.3,0.096,"none"
"ctl","floored","ErC50",5.0532895646328,100,100,-0.0345502075490112,0.0219844565229356,-0.683717153096129,0.221454359573153,0.99,0.0099498743710662,0.994879055742657,4,1,2.3,0.096,"none"
"ctl","gamma","ErC50",5.0532895646328,100,100,-0.226051801950938,0.0510692152973561,-4.47335936442351,0.556145509307545,0.98,0.014,2.76228740792017,4,1,2.3,0.096,"none"
"ctl","measured","ErC50",5.0532895646328,100,100,-0.056145125874945,0.0192865874276468,-1.11106092688407,0.199943862534801,0.99,0.0099498743710662,0.952520342776715,4,1,2.3,0.096,"none"
"d2","beta","ErC50",7.79489604573253,100,100,-0.510253496286825,0.0329729261527262,-6.54599488297441,0.606624103148869,0.97,0.017058722109232,2.58013209650313,2,2,2.3,0.096,"none"
"d2","censored","ErC50",7.79489604573253,100,100,-0.0290562233526757,0.031437237493388,-0.372759600412928,0.314143206732014,1,0,1.61041816955747,2,2,2.3,0.096,"none"
"d2","deleted","ErC50",7.79489604573253,100,100,-0.136588467870007,0.0376871212487405,-1.75228081386391,0.399083952632508,0.96,0.0195959179422654,1.87460140910724,2,2,2.3,0.096,"none"
"d2","floored","ErC50",7.79489604573253,100,100,-0.382938957591539,0.0325484500247554,-4.91268844824668,0.501520691042434,0.82,0.0384187454245971,1.4565676155782,2,2,2.3,0.096,"none"
"d2","gamma","ErC50",7.79489604573253,100,100,0.229036452623679,0.0827426142710812,2.93828745476432,0.854543959112297,0.91,0.0286181760425084,3.58773119848928,2,2,2.3,0.096,"none"
"d2","measured","ErC50",7.79489604573253,100,100,-0.0239407178242246,0.0262145445327261,-0.307133253397669,0.261927833822045,1,0,1.38087198292364,2,2,2.3,0.096,"none"
"d8","beta","ErC50",3.33617149040127,100,100,-0.175396755153499,0.0129670543270284,-5.25742623417728,0.217739126048735,0.91,0.0286181760425084,0.869236273048151,8,2,2.3,0.096,"none"
"d8","censored","ErC50",3.33617149040127,100,100,-0.00761954257176001,0.0118511958952958,-0.228391813600791,0.11816383118248,0.95,0.0217944947177034,0.520873078894381,8,2,2.3,0.096,"none"
"d8","deleted","ErC50",3.33617149040127,100,100,-0.0557903516100402,0.0140714000982538,-1.67228668461914,0.150714926614985,0.94,0.0237486841740758,0.607942361668456,8,2,2.3,0.096,"none"
"d8","floored","ErC50",3.33617149040127,100,100,-0.0919091380590822,0.0140907519917511,-2.75492846586335,0.167641491094461,0.89,0.031288975694324,0.54328463511997,8,2,2.3,0.096,"none"
"d8","gamma","ErC50",3.33617149040127,100,100,0.0577117630194719,0.0183687750952892,1.72987998924871,0.191662269480579,0.92,0.0271293199325011,1.12782356377919,8,2,2.3,0.096,"none"
"d8","measured","ErC50",3.33617149040127,100,100,0.0274969941828602,0.0105791006955372,0.824208055910008,0.108792943108446,0.94,0.0237486841740758,0.454995987082497,8,2,2.3,0.096,"none"
"p1","beta","ErC50",5.0532895646328,100,100,-0.316739332025418,0.0212545627288253,-6.2679830232217,0.380851272407578,0.94,0.0237486841740758,1.45148518091891,4,2,2.3,0.096,"none"
"p1","censored","ErC50",5.0532895646328,100,100,-0.0638330740402724,0.0188775689267245,-1.26319842201465,0.198379836654765,0.98,0.014,0.921972574660172,4,2,2.3,0.096,"none"
"p1","deleted","ErC50",5.0532895646328,100,100,-0.124369825393233,0.0240891468426557,-2.46116561899953,0.270030120604053,0.95,0.0217944947177034,1.03751529345291,4,2,2.3,0.096,"none"
"p1","floored","ErC50",5.0532895646328,100,100,-0.224164293098042,0.0223448663220492,-4.43600728260129,0.315720829759805,0.83,0.0375632799419859,0.86053324694695,4,2,2.3,0.096,"none"
"p1","gamma","ErC50",5.0532895646328,100,100,0.00109728528240893,0.0349105974347747,0.0217142767770259,0.347357791832899,0.96,0.0195959179422654,2.12291988552918,4,2,2.3,0.096,"none"
"p1","measured","ErC50",5.0532895646328,100,100,-0.0390468638802943,0.0181727839050895,-0.77270188816365,0.184984904762884,0.99,0.0099498743710662,0.980955855321886,4,2,2.3,0.096,"none"
"p2","beta","ErC50",5.0532895646328,100,100,-0.274734388982961,0.0164254069760167,-5.43674344145613,0.319669501091817,0.97,0.017058722109232,1.23855681960889,4,2,3.3,0.0669719164461943,"none"
"p2","censored","ErC50",5.0532895646328,100,100,-0.0387876932776585,0.0135704587645814,-0.767573137884827,0.140485098522373,0.99,0.0099498743710662,0.666947323848419,4,2,3.3,0.0669719164461943,"none"
"p2","deleted","ErC50",5.0532895646328,100,100,-0.0976739421534125,0.0145569699253979,-1.9328783934532,0.174696396480503,0.98,0.014,0.752910551069409,4,2,3.3,0.0669719164461943,"none"
"p2","floored","ErC50",5.0532895646328,100,100,-0.179252549815751,0.0151615557089947,-3.54724477042266,0.234283761698557,0.79,0.0407308237088326,0.657446036771846,4,2,3.3,0.0669719164461943,"none"
"p2","gamma","ErC50",5.0532895646328,100,100,0.000346693347978544,0.0229726836003948,0.00686074572898014,0.228575578714915,0.94,0.0237486841740758,1.41167298803255,4,2,3.3,0.0669719164461943,"none"
"p2","measured","ErC50",5.0532895646328,100,100,-0.0271592328212797,0.0128225293233603,-0.537456491932761,0.130441299035373,0.97,0.017058722109232,0.633743249781986,4,2,3.3,0.0669719164461943,"none"
"p3","beta","ErC50",5.05328956463279,100,100,-0.242128365049242,0.00942604862058631,-4.7914999121337,0.259658109884107,0.9,0.03,0.748322251258715,4,2,17,0.0282221160540261,"none"
"p3","censored","ErC50",5.05328956463279,100,100,-2.45330050256953e-05,0.00834083654781317,-0.000485485834759957,0.0829902794264761,0.98,0.014,0.360731163687915,4,2,17,0.0282221160540261,"none"
"p3","deleted","ErC50",5.05328956463279,100,100,-0.0114969728558538,0.00971118532956905,-0.22751462604319,0.0973066560666161,0.99,0.0099498743710662,0.398636819002331,4,2,17,0.0282221160540261,"none"
"p3","floored","ErC50",5.05328956463279,100,100,-0.113720537146479,0.00692041328484044,-2.25042589964351,0.132942395240008,0.65,0.0476969600708473,0.303341768257943,4,2,17,0.0282221160540261,"none"
"p3","gamma","ErC50",5.05328956463279,100,100,0.0344718048505923,0.0160367958526231,0.682165635071761,0.163245240758528,0.91,0.0286181760425084,0.475003071265919,4,2,17,0.0282221160540261,"none"
"p3","measured","ErC50",5.05328956463279,100,100,-0.00979627644164349,0.00569803003270037,-0.193859392309638,0.0575348078229439,0.92,0.0271293199325011,0.211423044981497,4,2,17,0.0282221160540261,"none"
"p4","beta","ErC50",5.0532895646328,100,100,-0.301059090166099,0.00507079541083894,-5.9576853120226,0.305257529662086,0.48,0.0499599839871872,0.549382820170292,4,2,73,0.0186365299331132,"none"
"p4","censored","ErC50",5.0532895646328,100,100,-0.0113238545985945,0.00635334185766672,-0.224088773337836,0.0642211803554538,0.99,0.0099498743710662,0.271243607687542,4,2,73,0.0186365299331132,"none"
"p4","deleted","ErC50",5.0532895646328,100,100,-0.00204939016401617,0.00751575949581794,-0.0405555655935401,0.0748089395670273,0.99,0.0099498743710662,0.300281270112444,4,2,73,0.0186365299331132,"none"
"p4","floored","ErC50",5.0532895646328,100,100,-0.118394973495744,0.00381005264743882,-2.34292873941704,0.124316142819456,0.24,0.0427083130081252,0.19815896070572,4,2,73,0.0186365299331132,"none"
"p4","gamma","ErC50",5.0532895646328,100,100,0.00352581571576582,0.0103224366173488,0.0697726831338237,0.102767448400068,0.94,0.0237486841740758,0.295659802060558,4,2,73,0.0186365299331132,"none"
"p4","measured","ErC50",5.0532895646328,100,100,-0.00807322520045872,0.00304863555808465,-0.159761776901961,0.0313894992469315,0.97,0.017058722109232,0.134235603850195,4,2,73,0.0186365299331132,"none"
"ctl","beta","NSEC",1.3,100,100,-0.246314720371364,0.0286916377357042,-18.9472861824126,0.377052700549081,1,0,1.6983436282543,4,1,2.3,0.096,"none"
"ctl","censored","NSEC",1.3,100,100,0.124018764883553,0.0252870865297266,9.53990499104255,0.2805082740567,0.96,0.0195959179422654,1.40214128251688,4,1,2.3,0.096,"none"
"ctl","deleted","NSEC",1.3,100,100,0.0811308128836623,0.0287380346732344,6.24083176028172,0.297226845776566,1,0,1.47606345457019,4,1,2.3,0.096,"none"
"ctl","floored","NSEC",1.3,100,100,0.0897053586965126,0.0260022726473449,6.90041220742405,0.273829785594499,0.99,0.0099498743710662,1.43189471791761,4,1,2.3,0.096,"none"
"ctl","gamma","NSEC",1.3,100,100,1.0614277555159,0.0769077458964492,81.6482888858384,1.30850839381638,0.95,0.0217944947177034,3.27305013625501,4,1,2.3,0.096,"none"
"ctl","measured","NSEC",1.3,100,100,0.128664223981107,0.0249117802595095,9.8972479985467,0.279273280688954,0.97,0.017058722109232,1.37876630983933,4,1,2.3,0.096,"none"
"d2","beta","NSEC",1.3,100,100,0.15515694541318,0.035425440404878,11.9351496471677,0.385116733822389,1,0,2.21098368503495,2,2,2.3,0.096,"none"
"d2","censored","NSEC",1.3,100,100,0.127442930953541,0.0606141415380257,9.8033023810416,0.616421156300478,0.99,0.0099498743710662,2.35334160857239,2,2,2.3,0.096,"none"
"d2","deleted","NSEC",1.3,100,100,0.182087665046469,0.0517968693377276,14.006743465113,0.546593605348478,0.99,0.0099498743710662,2.23601701128656,2,2,2.3,0.096,"none"
"d2","floored","NSEC",1.3,100,100,-0.059338828308263,0.044326062688326,-4.56452525448177,0.445012674040289,0.98,0.014,2.22124363354777,2,2,2.3,0.096,"none"
"d2","gamma","NSEC",1.3,100,100,0.995090344582959,0.150925450646259,76.5454111217661,1.80146481162056,0.92,0.0271293199325011,5.61821457932549,2,2,2.3,0.096,"none"
"d2","measured","NSEC",1.3,100,100,0.0321630160377355,0.0612042832603727,2.47407815674889,0.609823682922221,0.99,0.0099498743710662,2.32639869134032,2,2,2.3,0.096,"none"
"d8","beta","NSEC",1.3,100,100,-0.106436863526293,0.0327284991958878,-8.18745104048407,0.342597602471504,0.96,0.0195959179422654,1.42612970037063,8,2,2.3,0.096,"none"
"d8","censored","NSEC",1.3,100,100,0.0881531841814462,0.0183086812883734,6.78101416780356,0.202377264342446,0.95,0.0217944947177034,1.12138644124355,8,2,2.3,0.096,"none"
"d8","deleted","NSEC",1.3,100,100,0.0464424477544327,0.0159616742224901,3.57249598111021,0.165467913227697,1,0,1.0486222008131,8,2,2.3,0.096,"none"
"d8","floored","NSEC",1.3,100,100,-0.096791161413075,0.0257159048446178,-7.44547395485192,0.273565343864054,0.99,0.0099498743710662,1.26214577079609,8,2,2.3,0.096,"none"
"d8","gamma","NSEC",1.3,100,100,-0.225220187156038,0.0429584387928321,-17.3246297812337,0.483137093991791,0.84,0.0366606055596467,2.56132570308864,8,2,2.3,0.096,"none"
"d8","measured","NSEC",1.3,100,100,0.109605517217044,0.0170576644579413,8.43119363208028,0.202036623322672,0.97,0.017058722109232,1.0020890737995,8,2,2.3,0.096,"none"
"p1","beta","NSEC",1.3,100,100,-0.0887318077886043,0.0365931441331279,-6.82552367604649,0.374753379265182,0.97,0.017058722109232,1.76458487225447,4,2,2.3,0.096,"none"
"p1","censored","NSEC",1.3,100,100,0.173548558507556,0.0372485234796739,13.3498891159658,0.40923941623482,0.99,0.0099498743710662,1.68020902848694,4,2,2.3,0.096,"none"
"p1","deleted","NSEC",1.3,100,100,0.122960267273498,0.0299417752060558,9.45848209796136,0.322294442512554,1,0,1.57634667079749,4,2,2.3,0.096,"none"
"p1","floored","NSEC",1.3,100,100,-0.13688746315853,0.0331900137369968,-10.5298048583484,0.357483288762314,0.98,0.014,1.64718443779029,4,2,2.3,0.096,"none"
"p1","gamma","NSEC",1.3,100,100,0.130813776733681,0.0694163042761717,10.0625982102832,0.702962268418563,0.93,0.0255147016443461,3.74452340278605,4,2,2.3,0.096,"none"
"p1","measured","NSEC",1.3,100,100,0.179185810014334,0.0423768418775387,13.7835238472564,0.458139095182206,0.96,0.0195959179422654,1.68981352303566,4,2,2.3,0.096,"none"
"p2","beta","NSEC",1.3,100,100,-0.250622089370732,0.0317733911675696,-19.2786222592871,0.403431186106135,0.86,0.0346987031457949,1.53134882325839,4,2,3.3,0.0669719164461943,"none"
"p2","censored","NSEC",1.3,100,100,0.120584552651781,0.0241783001078287,9.27573481936779,0.269100471483327,0.95,0.0217944947177034,1.32940827433619,4,2,3.3,0.0669719164461943,"none"
"p2","deleted","NSEC",1.3,100,100,0.0318941266258403,0.0222031567263928,2.45339435583387,0.223209032089395,0.99,0.0099498743710662,1.32454645355639,4,2,3.3,0.0669719164461943,"none"
"p2","floored","NSEC",1.3,100,100,-0.34861667296765,0.0241412475722003,-26.8166671513577,0.423356549814595,0.86,0.0346987031457949,1.43637636197751,4,2,3.3,0.0669719164461943,"none"
"p2","gamma","NSEC",1.3,100,100,-0.248418033074537,0.0487392874403595,-19.1090794672721,0.544874127699074,0.76,0.0427083130081252,2.8706695625719,4,2,3.3,0.0669719164461943,"none"
"p2","measured","NSEC",1.3,100,100,0.197845786593282,0.0204528906362105,15.2189066610217,0.283825136439704,0.88,0.0324961536185438,1.15338739071885,4,2,3.3,0.0669719164461943,"none"
"p3","beta","NSEC",1.3,100,100,-0.556407881368421,0.0207385205822404,-42.8006062591093,0.593437669689881,0.39,0.0487749935930288,1.13070460928598,4,2,17,0.0282221160540261,"none"
"p3","censored","NSEC",1.3,100,100,0.0372699663122673,0.0154436520880767,2.86692048555902,0.158117623878097,0.97,0.017058722109232,0.855538654088325,4,2,17,0.0282221160540261,"none"
"p3","deleted","NSEC",1.3,100,100,-0.0266545036204429,0.0203312579867212,-2.05034643234176,0.204041926192122,0.99,0.0099498743710662,0.944429446931507,4,2,17,0.0282221160540261,"none"
"p3","floored","NSEC",1.3,100,100,-0.611003582071678,0.00950449844681274,-47.0002755439753,0.618278732358023,0.05,0.0217944947177034,0.717327771479957,4,2,17,0.0282221160540261,"none"
"p3","gamma","NSEC",1.3,100,100,-0.73469562270667,0.0460972426771792,-56.5150479005131,0.866111009331817,0.25,0.0433012701892219,1.00744251499809,4,2,17,0.0282221160540261,"none"
"p3","measured","NSEC",1.3,100,100,0.0881593526368307,0.0120692592820334,6.78148866437159,0.148973509052526,0.75,0.0433012701892219,0.41439257441123,4,2,17,0.0282221160540261,"none"
"p4","beta","NSEC",1.3,100,100,-0.561548330142805,0.0139468080373822,-43.1960253956004,0.578440454217113,0.21,0.0407308237088326,0.893798864504881,4,2,73,0.0186365299331132,"none"
"p4","censored","NSEC",1.3,100,100,0.0276607173105996,0.00901947891578846,2.12774748543074,0.0939088082847387,0.98,0.014,0.460118542077971,4,2,73,0.0186365299331132,"none"
"p4","deleted","NSEC",1.3,100,100,0.0158688133822551,0.0111698826115058,1.22067795248116,0.112266115618596,0.98,0.014,0.539922643447366,4,2,73,0.0186365299331132,"none"
"p4","floored","NSEC",1.3,100,100,-0.687483877073642,0.00332078728318112,-52.8833751595109,0.688277426933384,0,0,0.510791563835086,4,2,73,0.0186365299331132,"none"
"p4","gamma","NSEC",1.3,100,100,-0.903927221819746,0.0310376322271698,-69.5328632169035,0.955224868373621,0.07,0.0255147016443462,0.553666367815114,4,2,73,0.0186365299331132,"none"
"p4","measured","NSEC",1.3,100,100,0.050385100317067,0.00480948999376058,3.87577694746669,0.0694884633588134,0.79,0.0407308237088326,0.254925242422793,4,2,73,0.0186365299331132,"none"
